Handle,REF,Nombre,Categoria,Descripción,Vendido por peso,Opción 1 nombre,Opción 1 valor,Opción 2 nombre,Opción 2 valor,Opción 3 nombre,Opción 3 valor,Coste,Codigo de barras,REF del componente,Cantidad del componente,Seguir el Inventario,Disponibles para la venta [El Guante],Precio [El Guante],En inventario [El Guante],Existencias bajas [El Guante]
agata-escoba,10046,AGATA ESCOBA,ESCOBAS,,N,,,,,,,2667.00,,,,Y,Y,5300.00,4.000,0.000
alcohol-etílico,10035,ALCOHOL ETÍLICO,LIMPIEZA Y DESINFECCIÓN,,Y,,,,,,,1400.00,,,,Y,Y,3200.00,15.000,0.000
alcohol-gel,10034,ALCOHOL GEL,LIMPIEZA Y DESINFECCIÓN,,N,,,,,,,1700.00,,,,Y,Y,5000.00,2.000,0.000
algodon-x-100-gr,10204,ALGODON X 100 GR,VARIOS,,N,,,,,,,771.00,,,,Y,Y,1500.00,4.000,0.000
alimento-gato,10194,ALIMENTO GATO,MASCOTAS,,Y,,,,,,,1809.00,,,,Y,Y,3000.00,0.000,0.000
alimento-perro,10195,ALIMENTO PERRO,MASCOTAS,,Y,,,,,,,980.00,,,,Y,Y,2000.00,0.000,0.000
ambiente-aero-smell-fresh,10179,AMBIENTE AERO SMELL FRESH,PERFUMINAS / AROMA HOGAR,,N,,,,,,,3052.00,,,,Y,Y,4700.00,1.000,0.000
anilina,10207,ANILINA,VARIOS,,N,,,,,,,1607.00,,,,Y,Y,2700.00,6.000,0.000
antorchita-horno,10215,ANTORCHITA HORNO,VARIOS,,N,,,,,,,325.00,,,,Y,Y,700.00,20.000,0.000
argentina-escobillon,10049,ARGENTINA ESCOBILLON,ESCOBAS,,N,,,,,,,2220.00,,,,Y,Y,4500.00,4.000,0.000
azufre-canuto,10197,AZUFRE CANUTO,VARIOS,,N,,,,,,,85.00,,,,Y,Y,150.00,30.000,0.000
bactericida,10122,BACTERICIDA,PILETA,,N,,,,,,,5309.00,,,,Y,Y,7900.00,2.000,0.000
balde-16-l-sina,10221,BALDE 16 L SINA,PLASTICOS,,N,,,,,,,3165.00,,,,Y,Y,6300.00,3.000,0.000
balde-c/-escurridor-sino-15-l,10134,BALDE C/ ESCURRIDOR SINO 15 L,PLASTICOS,,N,,,,,,,5191.00,,,,Y,Y,10300.00,1.000,0.000
balde-sina-10-l-manija-plastica,10131,BALDE SINA 10 L MANIJA PLASTICA,PLASTICOS,,N,,,,,,,1970.00,,,,Y,Y,3900.00,4.000,0.000
balde-sina-14-l-manija-plastica,10133,BALDE SINA 14 L MANIJA PLASTICA,PLASTICOS,,N,,,,,,,2138.00,,,,Y,Y,4200.00,0.000,0.000
balde-sina-9-l-manija-plastica,10130,BALDE SINA 9 L MANIJA PLASTICA,PLASTICOS,,N,,,,,,,1512.00,,,,Y,Y,3100.00,3.000,0.000
balde-sina-super-12-l-manija-plastica,10132,BALDE SINA SUPER 12 L MANIJA PLASTICA,PLASTICOS,,N,,,,,,,2642.00,,,,Y,Y,5200.00,1.000,0.000
barrealfombra,10044,BARREALFOMBRA,ESCOBAS,,N,,,,,,,1348.00,,,,Y,Y,2700.00,2.000,0.000
barredor-algodon-x-60-cm,10088,BARREDOR ALGODON X 60 CM,ESCOBAS,,N,,,,,,,7000.00,,,,Y,Y,14000.00,1.000,0.000
barrehojas-plast-mediana,10055,BARREHOJAS PLAST MEDIANA,ESCOBAS,,N,,,,,,,854.00,,,,Y,Y,2500.00,2.000,0.000
barrehojas-profesional,10056,BARREHOJAS PROFESIONAL,ESCOBAS,,N,,,,,,,2307.00,,,,Y,Y,6000.00,1.000,0.000
bicarbonato,10222,BICARBONATO,VARIOS,,Y,,,,,,,52000.00,,,,Y,Y,6000.00,25.000,
blanqueador-ropa-blanca,10024,BLANQUEADOR ROPA BLANCA,LIMPIEZA Y DESINFECCIÓN,,Y,,,,,,,1452.40,,,,Y,Y,2800.00,5.000,0.000
blanqueador-ropa-color,10217,BLANQUEADOR ROPA COLOR,LIMPIEZA Y DESINFECCIÓN,,N,,,,,,,1812.80,,,,Y,Y,3600.00,5.000,0.000
bloque-azul-mochila,10031,BLOQUE AZUL MOCHILA,LIMPIEZA Y DESINFECCIÓN,,N,,,,,,,1336.00,,,,Y,Y,2700.00,8.000,0.000
bolsa-agua-caliente,10209,BOLSA AGUA CALIENTE,VARIOS,,N,,,,,,,3348.00,,,,Y,Y,6000.00,6.000,
bolsa-consorcio-60-x-90,10091,BOLSA CONSORCIO 60 X 90,BOLSAS RESIDUO,,N,,,,,,,1144.00,,,,Y,Y,2300.00,10.000,0.000
bolsa-intermedia-maxi-50-x-70,10090,BOLSA INTERMEDIA MAXI 50 X 70,BOLSAS RESIDUO,,N,,,,,,,671.00,,,,Y,Y,1300.00,10.000,0.000
bolsa-maxi-consorcio-80-x-110,10092,BOLSA MAXI CONSORCIO 80 X 110,BOLSAS RESIDUO,,N,,,,,,,1682.00,,,,Y,Y,3300.00,10.000,0.000
bolsa-maxi-extra-gde-90-x-120,10093,BOLSA MAXI EXTRA GDE 90 X 120,BOLSAS RESIDUO,,N,,,,,,,1725.00,,,,Y,Y,3400.00,10.000,0.000
bolsa-residuo-maxi-45-x-60-cm,10089,BOLSA RESIDUO MAXI 45 X 60 CM,BOLSAS RESIDUO,,N,,,,,,,283.00,,,,Y,Y,600.00,15.000,0.000
bolsa-verde-consorcio-60-x-90,10096,BOLSA VERDE CONSORCIO 60 X 90,BOLSAS RESIDUO,,N,,,,,,,1065.00,,,,Y,Y,2100.00,10.000,0.000
bolsa-verde-intermedia-50-x-70,10095,BOLSA VERDE INTERMEDIA 50 X 70,BOLSAS RESIDUO,,N,,,,,,,671.00,,,,Y,Y,1300.00,10.000,0.000
bolsa-verde-residuos-45-x-60,10094,BOLSA VERDE RESIDUOS 45 X 60,BOLSAS RESIDUO,,N,,,,,,,514.00,,,,Y,Y,1000.00,10.000,0.000
bolsa-verde-super-consorcio-80-x-110,10097,BOLSA VERDE SUPER CONSORCIO 80 X 110,BOLSAS RESIDUO,,N,,,,,,,1682.00,,,,Y,Y,3300.00,10.000,0.000
boya-hongo-gde,10153,BOYA HONGO GDE,PILETA,,N,,,,,,,1064.00,,,,Y,Y,3500.00,0.000,0.000
broches-madera,10198,BROCHES MADERA,VARIOS,,N,,,,,,,576.00,,,,Y,Y,1200.00,7.000,0.000
broches-plastico,10199,BROCHES PLASTICO,VARIOS,,N,,,,,,,622.00,,,,Y,Y,1300.00,7.000,0.000
broom-escobeta,10047,BROOM ESCOBETA,ESCOBAS,,N,,,,,,,1926.00,,,,Y,Y,3800.00,4.000,0.000
burlete-bajo-puerta-cuerina,10202,BURLETE BAJO PUERTA CUERINA,VARIOS,,N,,,,,,,1335.00,,,,Y,Y,2700.00,1.000,0.000
cabo-a-rosca-italiano,10065,CABO A ROSCA ITALIANO,ESCOBAS,,N,,,,,,,1076.00,,,,Y,Y,2200.00,10.000,0.000
cabo-alu-p/sacahojas-170-cm,10125,CABO ALU P/SACAHOJAS 170 CM,PILETA,,N,,,,,,,4642.00,,,,Y,Y,8000.00,0.000,0.000
cabo-sopapa-1ra-calidad,10066,CABO SOPAPA 1RA CALIDAD,ESCOBAS,,N,,,,,,,514.00,,,,Y,Y,1100.00,5.000,0.000
cepillo-mano-base-ovalada,10068,CEPILLO MANO BASE OVALADA,CEPILLOS,,N,,,,,,,1075.00,,,,Y,Y,2100.00,3.000,0.000
cepillo-multiuso-ecofibra,10069,CEPILLO MULTIUSO ECOFIBRA,CEPILLOS,,N,,,,,,,1144.00,,,,Y,Y,2300.00,3.000,0.000
cepillo-piso-gigante,10067,CEPILLO PISO GIGANTE,CEPILLOS,,N,,,,,,,1590.00,,,,Y,Y,3100.00,4.000,0.000
cepillo-uñas-simple,10070,CEPILLO UÑAS SIMPLE,CEPILLOS,,N,,,,,,,580.00,,,,Y,Y,1400.00,3.000,0.000
cera-incolora,10019,CERA INCOLORA,LIMPIEZA Y DESINFECCIÓN,,Y,,,,,,,1297.75,,,,Y,Y,2500.00,8.000,
cera-negra,10223,CERA NEGRA,LIMPIEZA Y DESINFECCIÓN,,N,,,,,,,2265.00,,,,Y,Y,3500.00,8.000,
cera-roja,10018,CERA ROJA MADERA,LIMPIEZA Y DESINFECCIÓN,,Y,,,,,,,2960.80,,,,Y,Y,5500.00,5.000,
cera-suiza-madera-roble,10227,CERA SUIZA MADERA ROBLE,LIMPIEZA Y DESINFECCIÓN,,N,,,,,,,6600.00,,,,Y,Y,8600.00,5.000,1.000
cesto-gde-rejilla-recto-sina,10147,CESTO GDE REJILLA RECTO SINA,PLASTICOS,,N,,,,,,,5435.00,,,,Y,Y,10900.00,1.000,0.000
cesto-rejilla-rect-blanco-sina,10148,CESTO REJILLA RECT BLANCO SINA,PLASTICOS,,N,,,,,,,6690.00,,,,Y,Y,13000.00,1.000,0.000
esto-rejilla-redondo-c/tapa,10152,CESTO REJILLA REDONDO C/TAPA,PLASTICOS,,N,,,,,,,6552.00,,,,Y,Y,13000.00,1.000,0.000
cinta-embalaje-transp-x-100-mts,10210,CiNTA EMBALAJE TRANSP X 100 MTS,VARIOS,,N,,,,,,,1902.00,,,,Y,Y,3200.00,5.000,0.000
clarificador,10123,CLARIFICADOR,PILETA,,N,,,,,,,5309.00,,,,Y,Y,7900.00,0.000,0.000
cloro,10014,CLORO,LIMPIEZA Y DESINFECCIÓN,,Y,,,,,,,380.00,,,,Y,Y,800.00,100.000,0.000
cloro-pastillas-200-g,10015,CLORO PASTILLAS 200 G,LIMPIEZA Y DESINFECCIÓN,,N,,,,,,,1000.00,,,,Y,Y,2000.00,15.000,0.000
cloro-pastillas-80-g,10016,CLORO PASTILLAS 50 G,LIMPIEZA Y DESINFECCIÓN,,N,,,,,,,400.00,,,,Y,Y,800.00,30.000,0.000
conos-cascada-surtidos-bangladesh,10190,CONOS CASCADA SURTIDOS BANGLADESH,PERFUMINAS / AROMA HOGAR,,N,,,,,,,617.00,,,,Y,Y,1400.00,5.000,0.000
coral-escobillon,10053,CORAL ESCOBILLON,ESCOBAS,,N,,,,,,,1732.00,,,,Y,Y,3500.00,5.000,0.000
cortina-baño-doble,10212,CORTINA BAÑO DOBLE ECO,VARIOS,,N,,,,,,,1993.00,,,,Y,Y,3900.00,1.000,0.000
cortina-c/barral-90-cm,10214,CORTINA C/BARRAL 90 CM,VARIOS,,N,,,,,,,4882.00,,,,Y,Y,8000.00,2.000,0.000
cucarachicida-6-est-geltek,10167,CUCARACHICIDA 6 EST GELTEK,AERO INSECTICIDAS Y PAPELERIA,,N,,,,,,,1858.00,,,,Y,Y,3700.00,5.000,0.000
cucarachicida-geltek-x-35-g,10166,CUCARACHICIDA GELTEK X 35 G,AERO INSECTICIDAS Y PAPELERIA,,N,,,,,,,6300.00,,,,Y,Y,11200.00,5.000,0.000
deltametrina-derribante,10157,DELTAMETRINA DERRIBANTE,AERO INSECTICIDAS Y PAPELERIA,,N,,,,,,,3200.00,,,,Y,Y,6000.00,15.000,0.000
desengrasante-amoniacal,10003,DESENGRASANTE AMONIACAL,LIMPIEZA Y DESINFECCIÓN,,Y,,,,,,,606.36,,,,Y,Y,1500.00,50.000,10.000
desengrasante-ecologico-vegetal,10002,DESENGRASANTE ECOLOGICO VEGETAL,LIMPIEZA Y DESINFECCIÓN,,Y,,,,,,,566.83,,,,Y,Y,1500.00,50.000,10.000
desengrasante-motores,10228,DESENGRASANTE MOTORES,LIMPIEZA Y DESINFECCIÓN,,N,,,,,,,2900.00,,,,Y,Y,4500.00,5.000,1.000
desodorante-piso,10013,DESODORANTE PISO,LIMPIEZA Y DESINFECCIÓN,,Y,,,,,,,600.00,,,,Y,Y,1500.00,150.000,
destapa-cañerías,10036,DESTAPA CAÑERÍAS,LIMPIEZA Y DESINFECCIÓN,,Y,,,,,,,1811.00,,,,Y,Y,3000.00,5.000,0.000
detergente-oxigel,10012,DETERGENTE OXIGEL,LIMPIEZA Y DESINFECCIÓN,,Y,,,,,,,673.18,,,,Y,Y,1500.00,70.000,0.000
difusor-varillas,10180,DIFUSOR VARILLAS,PERFUMINAS / AROMA HOGAR,,N,,,,,,,1600.00,,,,Y,Y,3500.00,0.000,0.000
dorada-bronce-sina-medium-12-gr,10114,DORADA BRONCE SINA MEDIUM 12 GR,ESPONJAS Y TRAPOS,,N,,,,,,,425.00,,,,Y,Y,900.00,7.000,0.000
echo-autobrillo-litch,10218,ECHO AUTOBRILLO LITCH,LIMPIEZA Y DESINFECCIÓN,,N,,,,,,,1863.40,,,,Y,Y,3700.00,5.000,0.000
escencia-hornillo-bloster-x-1,10183,ESCENCIA HORNILLO BLOSTER X 1,PERFUMINAS / AROMA HOGAR,,N,,,,,,,976.00,,,,Y,Y,2200.00,2.000,0.000
escoba-5-hilos-reforzada,10045,ESCOBA 5 HILOS REFORZADA,ESCOBAS,,N,,,,,,,4226.00,,,,Y,Y,7000.00,5.000,0.000
escobilla-baño-c/-vaso,10060,ESCOBILLA BAÑO C/ VASO,ESCOBAS,,N,,,,,,,1946.00,,,,Y,Y,4500.00,4.000,0.000
escobilla-baño-oferta,10058,ESCOBILLA BAÑO OFERTA,ESCOBAS,,N,,,,,,,592.00,,,,Y,Y,1200.00,4.000,0.000
escobilla-baño-redonda,10059,ESCOBILLA BAÑO REDONDA,ESCOBAS,,N,,,,,,,1210.00,,,,Y,Y,2400.00,2.000,0.000
escobon-sina,10050,ESCOBON SINA,ESCOBAS,,N,,,,,,,1869.00,,,,Y,Y,3700.00,3.000,0.000
escudo-lustramueble,10171,ESCUDO LUSTRAMUEBLE,AERO INSECTICIDAS Y PAPELERIA,,N,,,,,,,2374.00,,,,Y,Y,4000.00,4.000,0.000
escudo-mch,10170,ESCUDO MCH AERO,AERO INSECTICIDAS Y PAPELERIA,,N,,,,,,,2664.00,,,,Y,Y,4800.00,10.000,0.000
escudo-mmm-aero,10169,ESCUDO MMM AERO,AERO INSECTICIDAS Y PAPELERIA,,N,,,,,,,2286.00,,,,Y,Y,4500.00,6.000,0.000
escudo-pulgas-garrapatas,10224,ESCUDO PULGAS GARRAPATAS,AERO INSECTICIDAS Y PAPELERIA,,N,,,,,,,2180.00,,,,Y,Y,3700.00,12.000,
esferas-magicas-aromanza,10189,ESFERAS MAGICAS AROMANZA,PERFUMINAS / AROMA HOGAR,,N,,,,,,,612.00,,,,Y,Y,1300.00,1.000,0.000
espirales-gorrion-4-u,10158,ESPIRALES GORRION 4 U,AERO INSECTICIDAS Y PAPELERIA,,N,,,,,,,600.00,,,,Y,Y,1200.00,100.000,0.000
esponja-auto-gigante,10115,ESPONJA AUTO GIGANTE,ESPONJAS Y TRAPOS,,N,,,,,,,893.00,,,,Y,Y,1800.00,12.000,0.000
esponja-cocina-flat,10116,ESPONJA COCINA FLAT,ESPONJAS Y TRAPOS,,N,,,,,,,242.00,,,,Y,Y,600.00,12.000,0.000
esponja-cocina-lisa,10117,ESPONJA COCINA LISA,ESPONJAS Y TRAPOS,,N,,,,,,,265.00,,,,Y,Y,700.00,12.000,0.000
esponja-cocina-perlada,10119,ESPONJA COCINA PERLADA,ESPONJAS Y TRAPOS,,N,,,,,,,446.00,,,,Y,Y,1000.00,12.000,0.000
esponja-cocina-salvau-xl,10118,ESPONJA COCINA SALVAU XL,ESPONJAS Y TRAPOS,,N,,,,,,,429.00,,,,Y,Y,900.00,12.000,0.000
esponja-cocina-suave-teflon,10120,ESPONJA COCINA SUAVE TEFLON,,,N,,,,,,,604.00,,,,Y,Y,1300.00,12.000,0.000
exterior-escoba-sina,10048,EXTERIOR ESCOBA SINA,ESCOBAS,,N,,,,,,,2381.00,,,,Y,Y,4700.00,0.000,0.000
felpudo-antidez-tapizmel-gde,10203,FELPUDO ANTIDEZ TAPIZMEL GDE,VARIOS,,N,,,,,,,3175.00,,,,Y,Y,5400.00,2.000,0.000
fluido-desinfectante,10173,FLUIDO DESINFECTANTE,LIMPIEZA Y DESINFECCIÓN,,N,,,,,,,2355.00,,,,Y,Y,4500.00,5.000,0.000
fosforos-masera-gde,10208,FOSFOROS MADERA GDE,VARIOS,,N,,,,,,,0.00,,,,Y,Y,1200.00,6.000,0.000
franela-sina-100-x-100-algod,10109,FRANELA SINA 100 X 100 ALGOD,ESPONJAS Y TRAPOS,,N,,,,,,,750.00,,,,Y,Y,1600.00,5.000,0.000
fuenton-sina-c/asa-11-l,10135,FUENTON SINA C/ASA 11 L,PLASTICOS,,N,,,,,,,2224.00,,,,Y,Y,4500.00,3.000,0.000
fuenton-sina-c/asa-20-l,10137,FUENTON SINA C/ASA 20 L,PLASTICOS,,N,,,,,,,2716.00,,,,Y,Y,5500.00,2.000,0.000
fuenton-sina-c/asa-22-l,10136,FUENTON SINA C/ASA 22 L,PLASTICOS,,N,,,,,,,3919.00,,,,Y,Y,7800.00,0.000,0.000
fuenton-sina-c/asa-25-l,10138,FUENTON SINA C/ASA 25 L,PLASTICOS,,N,,,,,,,3470.00,,,,Y,Y,6900.00,2.000,0.000
fuenton-sina-oval-c/asa-16-l,10139,FUENTON SINA OVAL C/ASA 16 L,PLASTICOS,,N,,,,,,,2686.00,,,,Y,Y,5500.00,3.000,0.000
gatillo-pulv-plastico,10154,GATILLO PULV PLASTICO,AERO INSECTICIDAS Y PAPELERIA,,N,,,,,,,529.00,,,,Y,Y,1000.00,8.000,0.000
graffito-suave-recto,10080,GRAFFITO SUAVE RECTO,ESCOBAS,,N,,,,,,,1600.00,,,,N,Y,3200.00,,
guante-afelp-patito-clasico,10039,GUANTE AFELP PATITO CLASICO,LIMPIEZA Y DESINFECCIÓN,,N,,,,,,,1741.00,,,,Y,Y,3300.00,15.000,0.000
guante-descartable-latex/nitrilo,10040,GUANTE DESCARTABLE LATEX/NITRILO,LIMPIEZA Y DESINFECCIÓN,,N,,,,,,,98.16,,,,Y,Y,600.00,200.000,0.000
guante-moteado-algodon,10041,GUANTE MOTEADO ALGODON,,,N,,,,,,,778.00,,,,Y,Y,2500.00,30.000,0.000
hilo-algodon,10205,HILO ALGODON,VARIOS,,N,,,,,,,285.00,,,,Y,Y,600.00,8.000,0.000
hormiguicida-geltek-x-40-g,10165,HORMIGUICIDA GELTEK X 40 G,AERO INSECTICIDAS Y PAPELERIA,,N,,,,,,,7547.00,,,,Y,Y,13200.00,4.000,0.000
innova,10052,INNOVA,ESCOBAS,,N,,,,,,,1869.00,,,,Y,Y,3700.00,4.000,0.000
jabon-antibac-primordial,10028,JABON ANTIBAC PRIMORDIAL,LIMPIEZA Y DESINFECCIÓN,,N,,,,,,,484.00,,,,Y,Y,1300.00,3.000,0.000
jabon-glicerina-st-tropez,10027,JABON GLICERINA ST TROPEZ,LIMPIEZA Y DESINFECCIÓN,,N,,,,,,,1514.00,,,,Y,Y,2500.00,0.000,0.000
jabon-liquido-ropa,10000,JABON LIQUIDO ROPA,LIMPIEZA Y DESINFECCIÓN,,Y,,,,,,,611.80,,,,Y,Y,1000.00,60.000,30.000
jabon-manos-antibacterial(lyso),10008,JABON MANOS ANTIBACTERIAL(LYSO),LIMPIEZA Y DESINFECCIÓN,,Y,,,,,,,773.60,,,,Y,Y,1500.00,50.000,10.000
jabon-manos-tradicional,10009,JABON MANOS TRADICIONAL,LIMPIEZA Y DESINFECCIÓN,,Y,,,,,,,530.45,,,,Y,Y,1500.00,50.000,10.000
jabon-pan-bco-argentino,10025,JABON PAN BCO ARGENTINO,LIMPIEZA Y DESINFECCIÓN,,N,,,,,,,589.00,,,,Y,Y,1100.00,9.000,0.000
jabon-tocador-argentino,10029,JABON TOCADOR ARGENTINO,LIMPIEZA Y DESINFECCIÓN,,N,,,,,,,985.00,,,,Y,Y,1900.00,5.000,0.000
jabon-tocador-cupido,10026,JABON TOCADOR CUPIDO,LIMPIEZA Y DESINFECCIÓN,,N,,,,,,,1097.00,,,,Y,Y,1900.00,3.000,0.000
jabonera-c/tapa,10211,JABONERA C/TAPA,VARIOS,,N,,,,,,,404.00,,,,Y,Y,1000.00,2.000,0.000
lampazo/-mopa-amarillo-tiritas,10085,LAMPAZO/ MOPA AMARILLO TIRITAS,SECADORES Y SOPAPAS,,N,,,,,,,1890.00,,,,Y,Y,3500.00,2.000,0.000
lavandina,10017,LAVANDINA,LIMPIEZA Y DESINFECCIÓN,,Y,,,,,,,127.07,,,,Y,Y,500.00,50.000,0.000
lavandina-en-gel,10010,LAVANDINA EN GEL,LIMPIEZA Y DESINFECCIÓN,,Y,,,,,,,420.13,,,,Y,Y,1500.00,50.000,10.000
lavavajilla-ecomax,10023,LAVAVAJILLA ECOMAX,LIMPIEZA Y DESINFECCIÓN,,N,,,,,,,1209.00,,,,Y,Y,2600.00,3.000,0.000
lavavaquero-cep-lavado,10072,LAVAVAQUERO CEP LAVADO,CEPILLOS,,N,,,,,,,1117.00,,,,Y,Y,2300.00,2.000,0.000
lavazapatillas-sina-c/-mango,10071,LAVAZAPATILLAS SINA C/ MANGO,CEPILLOS,,N,,,,,,,1733.00,,,,Y,Y,3400.00,3.000,0.000
limpia-tapizados-rg2,10225,LIMPIA TAPIZADOS RG2,AERO INSECTICIDAS Y PAPELERIA,,N,,,,,,,1660.00,,,,Y,Y,3200.00,12.000,
limpia-vidrios-liquido,10037,LIMPIA VIDRIOS LIQUIDO,LIMPIEZA Y DESINFECCIÓN,,Y,,,,,,,970.00,,,,Y,Y,2000.00,20.000,0.000
limpiador-adherente-lavanda,10030,LIMPIADOR ADHERENTE LAVANDA,LIMPIEZA Y DESINFECCIÓN,,N,,,,,,,839.00,,,,Y,Y,1600.00,3.000,0.000
limpiador-cremoso-idefix,10032,LIMPIADOR CREMOSO IDEFIX,LIMPIEZA Y DESINFECCIÓN,,N,,,,,,,1701.00,,,,Y,Y,4500.00,12.000,0.000
limpiador-cremoso-sahning,10219,LIMPIADOR CREMOSO SAHNING,LIMPIEZA Y DESINFECCIÓN,,N,,,,,,,1672.80,,,,Y,Y,3400.00,5.000,0.000
limpiavidrios-x-30-cm,10083,LIMPIAVIDRIOS X 30 CM,SECADORES Y SOPAPAS,,N,,,,,,,2754.00,,,,Y,Y,5300.00,3.000,0.000
microfibra,10108,MICROFIBRA,ESPONJAS Y TRAPOS,,N,,,,,,,1340.00,,,,Y,Y,2600.00,10.000,0.000
mopa-repuesto-redondo,10084,MOPA REPUESTO REDONDO,SECADORES Y SOPAPAS,,N,,,,,,,2500.00,,,,Y,Y,5000.00,4.000,0.000
multimax-desinfectante,10033,MULTIMAX DESINFECTANTE,LIMPIEZA Y DESINFECCIÓN,,N,,,,,,,400.00,,,,Y,Y,1300.00,4.000,0.000
naftalina-colores-mingitorios,10021,NAFTALINA COLORES MINGITORIOS,LIMPIEZA Y DESINFECCIÓN,,N,,,,,,,962.00,,,,Y,Y,1900.00,7.000,0.000
naftalina-eco-200-g,10020,NAFTALINA ECO 200 G,LIMPIEZA Y DESINFECCIÓN,,N,,,,,,,733.00,,,,Y,Y,1500.00,6.000,0.000
naftalina-perfumada,10022,NAFTALINA PERFUMADA,LIMPIEZA Y DESINFECCIÓN,,N,,,,,,,806.00,,,,Y,Y,1600.00,10.000,0.000
ovillitos-medium-sina,10121,OVILLITOS MEDIUM SINA,ESPONJAS Y TRAPOS,,N,,,,,,,391.00,,,,Y,Y,1000.00,10.000,0.000
pala-plast-mano-c/goma-y-acople,10127,PALA PLAST MANO C/GOMA Y ACOPLE,PLASTICOS,,N,,,,,,,924.00,,,,Y,Y,1800.00,4.000,0.000
pala-plast-mano-roma-c/-acople,10126,PALA PLAST MANO ROMA C/ ACOPLE,PLASTICOS,,N,,,,,,,729.00,,,,Y,Y,1500.00,5.000,0.000
pala-reforzada-c/cabo-sina,10128,PALA REFORZADA C/CABO SINA,PLASTICOS,,N,,,,,,,2325.00,,,,Y,Y,4700.00,2.000,0.000
pala-reforzada-c/cabo-y-goma,10129,PALA REFORZADA C/CABO Y GOMA,PLASTICOS,,N,,,,,,,2964.00,,,,Y,Y,5900.00,5.000,0.000
palo-rosca-pino-eco,10064,PALO ROSCA PINO ECO,ESCOBAS,,N,,,,,,,996.00,,,,Y,Y,1900.00,10.000,0.000
paño-amarillo-extra,10106,PAÑO AMARILLO EXTRA,ESPONJAS Y TRAPOS,,N,,,,,,,1500.00,,,,Y,Y,2900.00,2.000,0.000
paño-amarillo-sina-premium-40-x-38,10104,PAÑO AMARILLO SINA PREMIUM 40 X 38,ESPONJAS Y TRAPOS,,N,,,,,,,340.00,,,,Y,Y,700.00,10.000,0.000
paño-azul-sina-premium-40-x-38,10105,PAÑO AZUL SINA PREMIUM 40 X 38,ESPONJAS Y TRAPOS,,N,,,,,,,340.00,,,,Y,Y,700.00,2.000,0.000
paño-piso-añarillo-sina-50-x-56,10099,PAÑO PISO AMARILLO SINA 50 X 56,ESPONJAS Y TRAPOS,,N,,,,,,,845.00,,,,Y,Y,1600.00,3.000,0.000
papel-hig-100-mts,10176,PAPEL HIG 100 MTS,AERO INSECTICIDAS Y PAPELERIA,,N,,,,,,,866.00,,,,Y,Y,1300.00,20.000,0.000
papel-higienico-x-30-mts-gamuza,10175,PAPEL HIG 30 MTS X 4 GAMUZA,AERO INSECTICIDAS Y PAPELERIA,,N,,,,,,,1022.00,,,,Y,Y,1800.00,12.000,0.000
papel-hig-80-mts-gamuza,10174,PAPEL HIG 80 MTS X 4 GAMUZA,AERO INSECTICIDAS Y PAPELERIA,,N,,,,,,,2108.00,,,,Y,Y,3900.00,10.000,0.000
pasacera-plastico-nro1,10063,PASACERA PLASTICO NRO1,ESCOBAS,,N,,,,,,,1070.00,,,,Y,Y,2100.00,3.000,0.000
perfumina-suelta,10181,PERFUMINA SUELTA,PERFUMINAS / AROMA HOGAR,,N,,,,,,,1500.00,,,,Y,Y,3000.00,10.000,0.000
perla-escob-sina,10051,PERLA ESCOB SINA,ESCOBAS,,N,,,,,,,1564.00,,,,Y,Y,3400.00,4.000,0.000
piedras-sanitarias,10196,PIEDRAS SANITARIAS,MASCOTAS,,Y,,,,,,,500.00,,,,Y,Y,2000.00,25.000,
plateada-acero-kitchen,10113,PLATEADA ACERO KITCHEN,ESPONJAS Y TRAPOS,,N,,,,,,,576.00,,,,Y,Y,1200.00,8.000,0.000
plateada-acero-sina-combinada,10112,PLATEADA ACERO SINA COMBINADA,,,N,,,,,,,694.00,,,,Y,Y,1500.00,5.000,0.000
plateada-acero-sina-large-30-gr,10110,PLATEADA ACERO SINA LARGE 30 GR,ESPONJAS Y TRAPOS,,N,,,,,,,634.00,,,,Y,Y,1300.00,10.000,0.000
plateada-acero-sina-medium-15-gr,10111,PLATEADA ACERO SINA MEDIUM 15 GR,ESPONJAS Y TRAPOS,,N,,,,,,,287.00,,,,Y,Y,700.00,10.000,0.000
plumero-lana-multicolor,10061,PLUMERO LANA MULTICOLOR,ESCOBAS,,N,,,,,,,2409.00,,,,Y,Y,4800.00,0.000,0.000
plumero-techo-pluma,10062,PLUMERO TECHO PLUMA,ESCOBAS,,N,,,,,,,6409.00,,,,Y,Y,13000.00,0.000,0.000
porta-papel-higienico,10200,PORTA PAPEL HIGIENICO,VARIOS,,N,,,,,,,1340.00,,,,Y,Y,2400.00,2.000,0.000
porta-tableta-economico,10220,PORTA TABLETA ECONOMICO,VARIOS,,N,,,,,,,3166.00,,,,Y,Y,5200.00,4.000,0.000
protector-cortina-eco,10213,PROTECTOR CORTINA ECO,VARIOS,,N,,,,,,,1114.00,,,,Y,Y,2500.00,1.000,0.000
pulverizador--500-cc-gp-cristal,10156,PULVERIZADOR  500 CC GP CRISTAL,AERO INSECTICIDAS Y PAPELERIA,,N,,,,,,,1567.00,,,,Y,Y,2800.00,0.000,0.000
pulverizador-250-cc-gran-presion,10155,PULVERIZADOR 250 CC GRAN PRESION,AERO INSECTICIDAS Y PAPELERIA,,N,,,,,,,1100.00,,,,Y,Y,2200.00,6.000,0.000
quitamanchas,10011,QUITAMANCHAS,LIMPIEZA Y DESINFECCIÓN,,Y,,,,,,,1673.00,,,,Y,Y,3000.00,10.000,0.000
raticida-geltek-x-10-u,10164,RATICIDA GELTEK X 10 U,AERO INSECTICIDAS Y PAPELERIA,,N,,,,,,,2628.00,,,,Y,Y,5200.00,0.000,0.000
recto-econo,10043,RECTO ECONO,ESCOBAS,,N,,,,,,,1178.00,,,,Y,Y,2500.00,5.000,0.000
recto-gigante-escob-sina-10-cm,10098,RECTO GIGANTE ESCOB SINA 10 CM,ESCOBAS,,N,,,,,,,1886.00,,,,Y,Y,3500.00,10.000,0.000
regulador-ph,10124,REGULADOR PH,PILETA,,N,,,,,,,1300.00,,,,Y,Y,2800.00,5.000,0.000
rejilla-nido-abeja-eco-40-x-45,10107,REJILLA NIDO ABEJA ECO 40 X 45,ESPONJAS Y TRAPOS,,N,,,,,,,527.00,,,,Y,Y,1200.00,10.000,0.000
repelente-8-hs-citronella,10163,REPELENTE 8 HS CITRONELLA,AERO INSECTICIDAS Y PAPELERIA,,N,,,,,,,2200.00,,,,Y,Y,4800.00,20.000,0.000
repelente-8-hs-locion-idefix,10161,REPELENTE 8 HS LOCION IDEFIX,AERO INSECTICIDAS Y PAPELERIA,,N,,,,,,,2732.00,,,,Y,Y,6000.00,8.000,0.000
repelente-aero-escudo,10162,REPELENTE AERO ESCUDO,AERO INSECTICIDAS Y PAPELERIA,,N,,,,,,,3082.00,,,,Y,Y,6000.00,20.000,0.000
residuo-10-l-red-vaiven-sina,10149,RESIDUO 10 L RED VAIVEN SINA,PLASTICOS,,N,,,,,,,5293.00,,,,Y,Y,10500.00,2.000,0.000
residuo-12-l-red-sina-t-plana,10144,RESIDUO 12 L RED SINA T PLANA,PLASTICOS,,N,,,,,,,3316.00,,,,Y,Y,6600.00,3.000,0.000
residuo-13-l-pedal-cuad-fl,10146,RESIDUO 13 L PEDAL CUAD FL,PLASTICOS,,N,,,,,,,8788.00,,,,Y,Y,18000.00,2.000,0.000
residuo-15-l-cuad-pedal-desmont-sina,10151,RESIDUO 15 L CUAD PEDAL DESMONT SINA,PLASTICOS,,N,,,,,,,10193.00,,,,Y,Y,20500.00,2.000,0.000
residuo-2.5-l-cuad-vaiven,10141,RESIDUO 2.5 L CUAD VAIVEN,PLASTICOS,,N,,,,,,,2136.00,,,,Y,Y,4200.00,1.000,0.000
residuo-5-l-red-sina-t-plana,10140,RESIDUO 5 L RED SINA T PLANA,PLASTICOS,,N,,,,,,,1580.00,,,,Y,Y,3100.00,3.000,0.000
residuo-6-l-red-vaiven-sina,10150,RESIDUO 6 L RED VAIVEN SINA,PLASTICOS,,N,,,,,,,2772.00,,,,Y,Y,5500.00,1.000,0.000
residuo-7l-t-click,10216,RESIDUO 7L T-CLICK,PLASTICOS,,N,,,,,,,4104.00,,,,Y,Y,8200.00,1.000,0.000
residuo-8-l-red-sina-t-plana,10143,RESIDUO 8 L RED SINA T PLANA,PLASTICOS,,N,,,,,,,2132.00,,,,Y,Y,4800.00,0.000,0.000
residuo-cuadrado-8-lt-vaiven,10231,RESIDUO CUADRADO 8 LT VAIVEN,PLASTICOS,,N,,,,,,,5268.00,,,,Y,Y,10600.00,2.000,1.000
residuo-pedal-7-l-red,10142,RESIDUO PEDAL 7 L RED,PLASTICOS,,N,,,,,,,6570.00,,,,Y,Y,13100.00,1.000,0.000
residuo-vaiven-1o-lt,10232,RESIDUO VAIVEN 1O LT,PLASTICOS,,N,,,,,,,4302.00,,,,Y,Y,8600.00,2.000,1.000
residuos-12-l-red-vaiven-sina,10145,RESIDUOS 12 L RED VAIVEN SINA,PLASTICOS,,N,,,,,,,4843.00,,,,Y,Y,10000.00,0.000,0.000
rollo-cocina-x-200-paños-liss,10177,ROLLO COCINA X 200 PAÑOS LISS,AERO INSECTICIDAS Y PAPELERIA,,N,,,,,,,1092.33,,,,Y,Y,1900.00,15.000,0.000
rubi-bico-sina,10042,RUBI BICO SINA,ESCOBAS,,N,,,,,,,1555.00,,,,Y,Y,3100.00,5.000,0.000
sacahojas-pileta,10057,SACAHOJAS PILETA,PILETA,,N,,,,,,,3700.00,,,,Y,Y,6500.00,0.000,0.000
sahumador-chico,10191,SAHUMADOR CHICO,PERFUMINAS / AROMA HOGAR,,N,,,,,,,2000.00,,,,Y,Y,3500.00,1.000,0.000
sahumerios-bangladesh-x-10-u,10184,SAHUMERIOS BANGLADESH X 10 U,PERFUMINAS / AROMA HOGAR,,N,,,,,,,311.90,,,,Y,Y,1300.00,50.000,0.000
sahumerios-magistral-aromanza,10185,SAHUMERIOS MAGISTRAL AROMANZA,PERFUMINAS / AROMA HOGAR,,N,,,,,,,1278.00,,,,Y,Y,2400.00,5.000,0.000
sahumerios-organico-aromanza,10186,SAHUMERIOS ORGANICO AROMANZA,PERFUMINAS / AROMA HOGAR,,N,,,,,,,1285.00,,,,Y,Y,2400.00,8.000,0.000
sahumerios-palo-santo-aromanza,10188,SAHUMERIOS PALO SANTO AROMANZA,PERFUMINAS / AROMA HOGAR,,N,,,,,,,1154.00,,,,Y,Y,2200.00,4.000,0.000
sahumerios-tibetanos-aromanza,10187,SAHUMERIOS TIBETANOS AROMANZA,PERFUMINAS / AROMA HOGAR,,N,,,,,,,2091.00,,,,Y,Y,3500.00,3.000,0.000
textil-saphirus,10178,SAPHIRUS TEXTIL,PERFUMINAS / AROMA HOGAR,,N,,,,,,,2500.00,,,,Y,Y,3500.00,12.000,0.000
saphirus-varillas,10226,SAPHIRUS VARILLAS,PERFUMINAS / AROMA HOGAR,,N,,,,,,,2450.00,,,,Y,Y,4300.00,8.000,
secador-doble-goma-sina,10230,SECADOR DOBLE GOMA SINA,SECADORES Y SOPAPAS,,N,,,,,,,1165.00,,,,Y,Y,2400.00,5.000,1.000
secador-negro-x-30-cm,10074,SECADOR NEGRO X 30 CM,SECADORES Y SOPAPAS,,N,,,,,,,1218.00,,,,Y,Y,2500.00,2.000,0.000
secador-negro-40-cm,10075,SECADOR NEGRO X 40 CM,SECADORES Y SOPAPAS,,N,,,,,,,1341.00,,,,Y,Y,2700.00,1.000,0.000
secador-negro-50-cm,10076,SECADOR NEGRO X 50 CM,SECADORES Y SOPAPAS,,N,,,,,,,1898.00,,,,Y,Y,3700.00,1.000,0.000
secador-plastico-x-30-cm-rosca,10082,SECADOR PLASTICO X 30 CM ROSCA,SECADORES Y SOPAPAS,,N,,,,,,,1570.00,,,,Y,Y,3000.00,6.000,
secador-plastico-x-40-cm-rosca,10081,SECADOR PLASTICO X 40 CM ROSCA,SECADORES Y SOPAPAS,,N,,,,,,,1452.00,,,,Y,Y,3100.00,6.000,
secador-rojo-x-30-cm,10077,SECADOR ROJO X 30 CM,SECADORES Y SOPAPAS,,N,,,,,,,1440.00,,,,Y,Y,2900.00,1.000,0.000
secador-rojo-x-40-cm,10078,SECADOR ROJO X 40 CM,SECADORES Y SOPAPAS,,N,,,,,,,1682.00,,,,Y,Y,3300.00,1.000,0.000
secador-rojo-x-50-cm,10079,SECADOR ROJO X 50 CM,,,N,,,,,,,2156.00,,,,Y,Y,4300.00,1.000,0.000
shampoo-antipulgas-y-garrpatas,10007,SHAMPOO ANTIPULGAS Y GARRPATAS,MASCOTAS,,Y,,,,,,,582.97,,,,Y,Y,1500.00,50.000,10.000
shampoo-auto-siliconado,10005,SHAMPOO AUTO SILICONADO,LIMPIEZA Y DESINFECCIÓN,,Y,,,,,,,549.27,,,,Y,Y,2500.00,50.000,10.000
shampoo-auto-tradicional,10004,SHAMPOO AUTO TRADICIONAL,LIMPIEZA Y DESINFECCIÓN,,Y,,,,,,,529.20,,,,Y,Y,2100.00,50.000,10.000
shampoo-pelo-premium-(copia),10006,SHAMPOO PELO PREMIUM (copia),LIMPIEZA Y DESINFECCIÓN,,Y,,,,,,,708.73,,,,Y,Y,1500.00,50.000,10.000
silicona-aero-lavanda-escudo,10168,SILICONA AERO LAVANDA ESCUDO,AERO INSECTICIDAS Y PAPELERIA,,N,,,,,,,3563.00,,,,Y,Y,7000.00,4.000,0.000
silicona-liquida,10038,SILICONA LIQUIDA,LIMPIEZA Y DESINFECCIÓN,,Y,,,,,,,3500.00,,,,Y,Y,7000.00,3.000,0.000
smell-fresh-desinfectante,10172,SMELL FRESH DESINFECTANTE,AERO INSECTICIDAS Y PAPELERIA,,N,,,,,,,2177.00,,,,Y,Y,3800.00,10.000,
smile-car,10182,SMILE CAR,PERFUMINAS / AROMA HOGAR,,N,,,,,,,1300.00,,,,Y,Y,3000.00,30.000,0.000
sopapa-goma-negra-reforzada,10086,SOPAPA GOMA NEGRA REFORZADA,SECADORES Y SOPAPAS,,N,,,,,,,915.00,,,,Y,Y,1800.00,3.000,0.000
sopapita-floppy-samantha,10087,SOPAPITA FLOPPY SAMANTHA,SECADORES Y SOPAPAS,,N,,,,,,,2646.00,,,,Y,Y,4800.00,2.000,0.000
suavizante-original,10001,SUAVIZANTE ORIGINAL,LIMPIEZA Y DESINFECCIÓN,,Y,,,,,,,969.50,,,,Y,Y,1500.00,60.000,20.000
tableta-fuyi-mosq-x-4-u,10160,TABLETA FUYI MOSQ X 4 U,AERO INSECTICIDAS Y PAPELERIA,,N,,,,,,,400.00,,,,Y,Y,1000.00,100.000,0.000
tableta-gorrion-mosq-x-4-u,10159,TABLETA GORRION MOSQ X 4 U,AERO INSECTICIDAS Y PAPELERIA,,N,,,,,,,335.00,,,,Y,Y,800.00,200.000,0.000
tapon-universal-pvc-rejilla,10201,TAPON UNIVERSAL PVC REJILLA,VARIOS,,N,,,,,,,1032.00,,,,Y,Y,2000.00,3.000,0.000
toallitas-fem,10206,TOALLITAS FEM,VARIOS,,N,,,,,,,0.00,,,,Y,Y,variable,0.000,0.000
todo-terreno,10054,TODO TERRENO,ESCOBAS,,N,,,,,,,2534.00,,,,Y,Y,4900.00,5.000,0.000
trapo-cost-sina-gris-48-x-60,10101,TRAPO COST SINA GRIS 48 X 60,ESPONJAS Y TRAPOS,,N,,,,,,,468.00,,,,Y,Y,1200.00,15.000,0.000
trapo-nido-abeja-gris-ln,10103,TRAPO NIDO ABEJA GRIS LN,ESPONJAS Y TRAPOS,,N,,,,,,,1344.00,,,,Y,Y,2600.00,15.000,0.000
trapo-soft-sina-gris-55-x-50,10100,TRAPO SOFT SINA GRIS 55 X 50,ESPONJAS Y TRAPOS,,N,,,,,,,381.00,,,,Y,Y,900.00,6.000,0.000
trapos-cost-blanco-premium-48-x-62,10102,TRAPOS COST BLANCO PREMIUM 48 X 62,ESPONJAS Y TRAPOS,,N,,,,,,,880.00,,,,Y,Y,1800.00,8.000,0.000
velas-blancas-x-4-u-relieve,10193,VELAS BLANCAS X 4 U RELIEVE,PERFUMINAS / AROMA HOGAR,,N,,,,,,,717.00,,,,Y,Y,1400.00,8.000,0.000
velas-de-noche-x-12-u-iluminarte,10192,VELAS DE NOCHE X 12 U ILUMINARTE,PERFUMINAS / AROMA HOGAR,,N,,,,,,,2224.00,,,,Y,Y,3800.00,8.000,0.000
vinagre-blanco,10229,VINAGRE BLANCO,LIMPIEZA Y DESINFECCIÓN,,N,,,,,,,1200.00,,,,Y,Y,2000.00,5.000,1.000
violin-auto-pvc-premium,10073,VIOLIN AUTO PVC PREMIUM,CEPILLOS,,N,,,,,,,2358.00,,,,Y,Y,4700.00,2.000,0.000
